-- Seed script for iconic patients (prior to prediction hour)
BEGIN;

-- Demo Hospital Hierarchy
INSERT INTO hospitals (id, name) VALUES (9000, 'Demo Hospital');
INSERT INTO departments (id, hospital_id, name) VALUES (9000, 9000, 'Demo ICU');
INSERT INTO wards (id, department_id, ward_number) VALUES (9000, 9000, 'Demo-Ward');
INSERT INTO beds (id, ward_id, bed_number, is_occupied) VALUES 
(9000, 9000, 'Bed-1', true),
(9001, 9000, 'Bed-2', true),
(9002, 9000, 'Bed-3', true),
(9003, 9000, 'Bed-4', true),
(9004, 9000, 'Bed-5', true);

-- Patient 110411
INSERT INTO patients (id, bed_id, name, age, gender, cnp, phone_number, emergency_contact_name, emergency_contact, attending_physician, blood_type, allergies, admission_date, is_active) VALUES 
(9000, 9000, 'Demo Patient 110411', 70, 'F', '110411', '555-0100', 'Jane Doe', '555-0199', 'Dr. Smith', 'O+', 'None', NOW() - INTERVAL '55 HOURS', true);
INSERT INTO patient_vitals (patient_id, timestamp, hour, "HR", "O2Sat", "Temp", "SBP", "MAP", "DBP", "Resp", "EtCO2", "BaseExcess", "HCO3", "FiO2", "pH", "PaCO2", "SaO2", "AST", "BUN", "Alkalinephos", "Calcium", "Chloride", "Creatinine", "Bilirubin_direct", "Glucose", "Lactate", "Magnesium", "Phosphate", "Potassium", "Bilirubin_total", "TroponinI", "Hct", "Hgb", "PTT", "WBC", "Fibrinogen", "Platelets", "Unit1", "Unit2", "HospAdmTime", "ICULOS") VALUES
(9000, NOW() - INTERVAL '55.0 HOURS', 0.0, NULL, NULL, NULL, NULL, NULL, NULL, NULL, NULL, NULL, NULL, NULL, NULL, NULL, NULL, NULL, NULL, NULL, NULL, NULL, NULL, NULL, NULL, NULL, NULL, NULL, NULL, NULL, NULL, NULL, NULL, NULL, NULL, NULL, NULL, NULL, NULL, -89.1, 1.0),
(9000, NOW() - INTERVAL '54.0 HOURS', 1.0, 84.5, 99.5, NULL, 185.0, 125.0, 88.5, 15.0, 31.5, NULL, NULL, NULL, NULL, NULL, NULL, NULL, NULL, NULL, NULL, NULL, NULL, NULL, NULL, NULL, NULL, NULL, NULL, NULL, NULL, NULL, NULL, NULL, NULL, NULL, NULL, NULL, NULL, -89.1, 2.0),
(9000, NOW() - INTERVAL '53.0 HOURS', 2.0, 70.0, 100.0, NULL, 164.0, 107.5, 71.5, 16.0, 30.0, NULL, NULL, NULL, NULL, NULL, NULL, NULL, NULL, NULL, NULL, NULL, NULL, NULL, NULL, NULL, NULL, NULL, NULL, NULL, NULL, NULL, NULL, NULL, NULL, NULL, NULL, NULL, NULL, -89.1, 3.0),
(9000, NOW() - INTERVAL '52.0 HOURS', 3.0, 75.0, 99.0, NULL, 170.0, 108.0, 67.0, 15.0, 31.0, NULL, NULL, NULL, NULL, NULL, NULL, NULL, NULL, NULL, NULL, NULL, NULL, NULL, NULL, NULL, NULL, NULL, NULL, NULL, NULL, NULL, NULL, NULL, NULL, NULL, NULL, NULL, NULL, -89.1, 4.0),
(9000, NOW() - INTERVAL '51.0 HOURS', 4.0, 74.5, 99.0, 36.2, 165.5, 105.0, 71.0, 16.0, 29.0, NULL, NULL, NULL, NULL, NULL, NULL, NULL, NULL, NULL, NULL, NULL, NULL, NULL, NULL, NULL, NULL, NULL, NULL, NULL, NULL, NULL, NULL, NULL, NULL, NULL, NULL, NULL, NULL, -89.1, 5.0),
(9000, NOW() - INTERVAL '50.0 HOURS', 5.0, 78.0, 98.0, NULL, 188.0, 126.0, 94.0, 21.0, 33.0, NULL, NULL, NULL, NULL, NULL, NULL, NULL, NULL, NULL, NULL, NULL, NULL, NULL, 154.0, NULL, NULL, NULL, NULL, NULL, NULL, NULL, NULL, NULL, NULL, NULL, NULL, NULL, NULL, -89.1, 6.0),
(9000, NOW() - INTERVAL '49.0 HOURS', 6.0, 70.0, 98.0, NULL, 134.0, 92.0, 67.0, 19.0, 29.0, NULL, NULL, NULL, NULL, NULL, NULL, NULL, NULL, NULL, NULL, NULL, NULL, NULL, NULL, NULL, NULL, NULL, NULL, NULL, NULL, NULL, NULL, NULL, NULL, NULL, NULL, NULL, NULL, -89.1, 7.0),
(9000, NOW() - INTERVAL '48.0 HOURS', 7.0, 70.0, 98.0, NULL, 119.5, 78.5, 57.0, 22.0, 28.5, NULL, NULL, NULL, NULL, NULL, NULL, NULL, NULL, NULL, NULL, NULL, NULL, NULL, NULL, NULL, NULL, NULL, NULL, NULL, NULL, NULL, NULL, NULL, NULL, NULL, NULL, NULL, NULL, -89.1, 8.0),
(9000, NOW() - INTERVAL '47.0 HOURS', 8.0, 69.0, 98.0, 36.7, 107.0, 71.0, 52.0, 13.0, 28.5, NULL, NULL, NULL, NULL, NULL, NULL, NULL, NULL, NULL, NULL, NULL, NULL, NULL, NULL, NULL, NULL, NULL, NULL, NULL, NULL, NULL, NULL, NULL, NULL, NULL, NULL, NULL, NULL, -89.1, 9.0),
(9000, NOW() - INTERVAL '46.0 HOURS', 9.0, 69.0, 98.0, NULL, 131.0, 85.0, 62.0, 12.0, 32.0, NULL, NULL, NULL, NULL, NULL, NULL, NULL, NULL, NULL, NULL, NULL, NULL, NULL, 138.0, NULL, NULL, NULL, NULL, NULL, NULL, NULL, NULL, NULL, NULL, NULL, NULL, NULL, NULL, -89.1, 10.0),
(9000, NOW() - INTERVAL '45.0 HOURS', 10.0, 76.0, 98.0, NULL, 161.0, 103.0, 68.0, 13.0, 31.0, NULL, NULL, NULL, NULL, NULL, NULL, NULL, NULL, NULL, NULL, NULL, NULL, NULL, NULL, NULL, NULL, NULL, NULL, NULL, NULL, NULL, NULL, NULL, NULL, NULL, NULL, NULL, NULL, -89.1, 11.0),
(9000, NOW() - INTERVAL '44.0 HOURS', 11.0, 72.0, 98.0, NULL, 165.0, 102.0, 67.0, 16.0, 31.0, NULL, NULL, NULL, NULL, NULL, NULL, NULL, NULL, NULL, NULL, NULL, NULL, NULL, NULL, NULL, NULL, NULL, NULL, NULL, NULL, NULL, NULL, NULL, NULL, NULL, NULL, NULL, NULL, -89.1, 12.0),
(9000, NOW() - INTERVAL '43.0 HOURS', 12.0, 80.0, 98.0, 37.5, 175.0, 108.0, 70.0, 19.0, 31.0, NULL, NULL, NULL, NULL, NULL, NULL, NULL, NULL, NULL, NULL, NULL, NULL, NULL, 142.0, NULL, NULL, NULL, NULL, NULL, NULL, NULL, NULL, NULL, NULL, NULL, NULL, NULL, NULL, -89.1, 13.0),
(9000, NOW() - INTERVAL '42.0 HOURS', 13.0, 78.0, 98.0, NULL, 159.0, 97.0, 64.0, 21.0, 32.0, NULL, NULL, NULL, NULL, NULL, NULL, NULL, NULL, NULL, NULL, NULL, NULL, NULL, NULL, NULL, NULL, NULL, NULL, NULL, NULL, NULL, NULL, NULL, NULL, NULL, NULL, NULL, NULL, -89.1, 14.0),
(9000, NOW() - INTERVAL '41.0 HOURS', 14.0, 83.0, 98.0, NULL, 164.0, 103.0, 68.0, 12.0, 30.0, NULL, NULL, NULL, NULL, NULL, NULL, NULL, NULL, NULL, NULL, NULL, NULL, NULL, NULL, NULL, NULL, NULL, NULL, NULL, NULL, NULL, NULL, NULL, NULL, NULL, NULL, NULL, NULL, -89.1, 15.0),
(9000, NOW() - INTERVAL '40.0 HOURS', 15.0, 80.0, 98.0, NULL, 180.0, 109.0, 70.0, 14.0, 32.0, NULL, NULL, NULL, NULL, NULL, NULL, NULL, NULL, NULL, NULL, NULL, NULL, NULL, NULL, NULL, NULL, NULL, NULL, NULL, NULL, NULL, NULL, NULL, NULL, NULL, NULL, NULL, NULL, -89.1, 16.0),
(9000, NOW() - INTERVAL '39.0 HOURS', 16.0, 86.0, 97.0, 37.6, 169.0, 108.0, 70.0, 16.0, 30.0, NULL, NULL, NULL, NULL, NULL, NULL, NULL, NULL, NULL, NULL, NULL, NULL, NULL, NULL, NULL, NULL, NULL, NULL, NULL, NULL, NULL, NULL, NULL, NULL, NULL, NULL, NULL, NULL, -89.1, 17.0),
(9000, NOW() - INTERVAL '38.0 HOURS', 17.0, 91.0, 97.0, NULL, 170.0, 108.0, 71.0, 14.0, 29.0, NULL, NULL, NULL, NULL, NULL, NULL, NULL, NULL, NULL, NULL, NULL, NULL, NULL, NULL, NULL, NULL, NULL, NULL, NULL, NULL, NULL, NULL, NULL, NULL, NULL, NULL, NULL, NULL, -89.1, 18.0),
(9000, NOW() - INTERVAL '37.0 HOURS', 18.0, 91.0, 98.0, NULL, 168.0, 107.0, 70.0, 16.0, 29.0, NULL, NULL, NULL, NULL, NULL, NULL, NULL, NULL, NULL, NULL, NULL, NULL, NULL, NULL, NULL, NULL, NULL, NULL, NULL, NULL, NULL, NULL, NULL, NULL, NULL, NULL, NULL, NULL, -89.1, 19.0),
(9000, NOW() - INTERVAL '36.0 HOURS', 19.0, 97.0, 97.0, 37.4, 174.0, 116.0, 76.0, 16.0, 28.0, NULL, NULL, NULL, NULL, NULL, NULL, NULL, NULL, NULL, NULL, NULL, NULL, NULL, NULL, NULL, NULL, NULL, NULL, NULL, NULL, NULL, NULL, NULL, NULL, NULL, NULL, NULL, NULL, -89.1, 20.0),
(9000, NOW() - INTERVAL '35.0 HOURS', 20.0, 97.0, 98.0, NULL, 162.0, 107.0, 70.0, 17.0, 27.5, NULL, NULL, NULL, NULL, NULL, NULL, NULL, NULL, NULL, NULL, NULL, NULL, NULL, NULL, NULL, NULL, NULL, NULL, NULL, NULL, NULL, NULL, NULL, NULL, NULL, NULL, NULL, NULL, -89.1, 21.0),
(9000, NOW() - INTERVAL '34.0 HOURS', 21.0, 106.0, 97.0, NULL, 150.0, 97.0, 65.0, 16.0, 27.0, NULL, NULL, NULL, NULL, NULL, NULL, NULL, NULL, NULL, NULL, NULL, NULL, NULL, 142.0, NULL, NULL, NULL, NULL, NULL, NULL, NULL, NULL, NULL, NULL, NULL, NULL, NULL, NULL, -89.1, 22.0),
(9000, NOW() - INTERVAL '33.0 HOURS', 22.0, 94.0, 97.0, NULL, 162.0, 100.0, 65.0, 15.0, 30.0, NULL, NULL, NULL, NULL, NULL, NULL, NULL, NULL, NULL, NULL, NULL, NULL, NULL, NULL, NULL, NULL, NULL, NULL, NULL, NULL, NULL, NULL, NULL, NULL, NULL, NULL, NULL, NULL, -89.1, 23.0),
(9000, NOW() - INTERVAL '32.0 HOURS', 23.0, 110.0, 98.0, NULL, 167.0, 108.0, 73.0, 13.0, 27.0, NULL, NULL, NULL, NULL, NULL, NULL, NULL, 15.0, NULL, 7.9, NULL, 0.87, NULL, 149.0, NULL, 2.3, 2.6, 3.3, NULL, NULL, 37.5, 12.2, NULL, 17.5, NULL, 254.0, NULL, NULL, -89.1, 24.0),
(9000, NOW() - INTERVAL '31.0 HOURS', 24.0, 109.0, 97.0, NULL, 163.0, 105.0, 72.0, 16.0, 28.0, NULL, NULL, NULL, NULL, NULL, NULL, NULL, NULL, NULL, NULL, NULL, NULL, NULL, NULL, NULL, NULL, NULL, NULL, NULL, NULL, NULL, NULL, NULL, NULL, NULL, NULL, NULL, NULL, -89.1, 25.0),
(9000, NOW() - INTERVAL '30.0 HOURS', 25.0, 87.0, 98.0, NULL, 150.0, 93.0, 61.0, 17.0, 29.0, NULL, NULL, NULL, NULL, NULL, NULL, NULL, NULL, NULL, NULL, NULL, NULL, NULL, NULL, NULL, NULL, NULL, NULL, NULL, NULL, NULL, NULL, NULL, NULL, NULL, NULL, NULL, NULL, -89.1, 26.0),
(9000, NOW() - INTERVAL '29.0 HOURS', 26.0, 79.0, 98.0, NULL, 166.0, 104.0, 68.0, 14.0, 28.0, NULL, NULL, NULL, NULL, NULL, NULL, NULL, NULL, NULL, NULL, NULL, NULL, NULL, NULL, NULL, NULL, NULL, NULL, NULL, NULL, NULL, NULL, NULL, NULL, NULL, NULL, NULL, NULL, -89.1, 27.0),
(9000, NOW() - INTERVAL '28.0 HOURS', 27.0, NULL, 98.0, NULL, NULL, NULL, NULL, 13.0, 27.0, NULL, NULL, NULL, NULL, NULL, NULL, NULL, NULL, NULL, NULL, NULL, NULL, NULL, NULL, NULL, NULL, NULL, NULL, NULL, NULL, NULL, NULL, NULL, NULL, NULL, NULL, NULL, NULL, -89.1, 28.0),
(9000, NOW() - INTERVAL '27.0 HOURS', 28.0, 87.0, 97.5, 37.0, 173.0, 121.0, 81.0, 15.0, 25.5, NULL, NULL, NULL, NULL, NULL, NULL, NULL, NULL, NULL, NULL, NULL, NULL, NULL, NULL, NULL, NULL, NULL, NULL, NULL, NULL, NULL, NULL, NULL, NULL, NULL, NULL, NULL, NULL, -89.1, 29.0),
(9000, NOW() - INTERVAL '26.0 HOURS', 29.0, 75.0, 98.0, NULL, 163.0, 105.0, 70.0, 16.0, 28.0, NULL, NULL, NULL, NULL, NULL, NULL, NULL, NULL, NULL, NULL, NULL, NULL, NULL, NULL, NULL, NULL, NULL, NULL, NULL, NULL, NULL, NULL, NULL, NULL, NULL, NULL, NULL, NULL, -89.1, 30.0),
(9000, NOW() - INTERVAL '25.0 HOURS', 30.0, 80.0, 98.0, NULL, 163.0, 110.0, 73.0, 18.0, 26.0, NULL, NULL, NULL, NULL, NULL, NULL, NULL, NULL, NULL, NULL, NULL, NULL, NULL, NULL, NULL, NULL, NULL, NULL, NULL, NULL, NULL, NULL, NULL, NULL, NULL, NULL, NULL, NULL, -89.1, 31.0),
(9000, NOW() - INTERVAL '24.0 HOURS', 31.0, 86.0, 98.0, NULL, 174.0, 123.0, 83.0, 21.0, 26.0, NULL, NULL, NULL, NULL, NULL, NULL, NULL, NULL, NULL, NULL, NULL, NULL, NULL, NULL, NULL, NULL, NULL, NULL, NULL, NULL, NULL, NULL, NULL, NULL, NULL, NULL, NULL, NULL, -89.1, 32.0),
(9000, NOW() - INTERVAL '23.0 HOURS', 32.0, 76.0, 98.0, 37.5, 169.0, 111.0, 74.0, 13.0, 27.0, NULL, NULL, NULL, NULL, NULL, NULL, NULL, NULL, NULL, NULL, NULL, NULL, NULL, 142.0, NULL, NULL, NULL, NULL, NULL, NULL, NULL, NULL, NULL, NULL, NULL, NULL, NULL, NULL, -89.1, 33.0),
(9000, NOW() - INTERVAL '22.0 HOURS', 33.0, 83.0, 97.0, NULL, 162.0, 111.0, 74.0, 20.0, 25.0, NULL, NULL, NULL, NULL, NULL, NULL, NULL, NULL, NULL, NULL, NULL, NULL, NULL, NULL, NULL, NULL, NULL, NULL, NULL, NULL, NULL, NULL, NULL, NULL, NULL, NULL, NULL, NULL, -89.1, 34.0),
(9000, NOW() - INTERVAL '21.0 HOURS', 34.0, 83.0, 97.0, NULL, 145.0, 101.0, 69.0, 18.0, 25.0, NULL, NULL, NULL, NULL, NULL, NULL, NULL, NULL, NULL, NULL, NULL, NULL, NULL, NULL, NULL, NULL, NULL, NULL, NULL, NULL, NULL, NULL, NULL, NULL, NULL, NULL, NULL, NULL, -89.1, 35.0),
(9000, NOW() - INTERVAL '20.0 HOURS', 35.0, 84.0, 97.0, NULL, 148.0, 101.0, 70.0, 21.0, 25.0, NULL, NULL, NULL, NULL, NULL, NULL, NULL, NULL, NULL, NULL, NULL, NULL, NULL, NULL, NULL, NULL, NULL, NULL, NULL, NULL, NULL, NULL, NULL, NULL, NULL, NULL, NULL, NULL, -89.1, 36.0),
(9000, NOW() - INTERVAL '19.0 HOURS', 36.0, 80.0, 97.0, 37.8, 144.0, 96.0, 66.0, 22.0, 26.5, NULL, NULL, NULL, NULL, NULL, NULL, NULL, NULL, NULL, NULL, NULL, NULL, NULL, NULL, NULL, NULL, NULL, NULL, NULL, NULL, NULL, NULL, NULL, NULL, NULL, NULL, NULL, NULL, -89.1, 37.0),
(9000, NOW() - INTERVAL '18.0 HOURS', 37.0, 87.0, 97.0, NULL, 178.0, 127.0, 85.0, 19.0, 24.0, NULL, NULL, NULL, NULL, NULL, NULL, NULL, NULL, NULL, NULL, NULL, NULL, NULL, NULL, NULL, NULL, NULL, NULL, NULL, NULL, NULL, NULL, NULL, NULL, NULL, NULL, NULL, NULL, -89.1, 38.0),
(9000, NOW() - INTERVAL '17.0 HOURS', 38.0, 86.0, 99.0, NULL, 167.0, 117.0, 77.0, 20.0, 25.0, NULL, NULL, NULL, NULL, NULL, NULL, NULL, NULL, NULL, NULL, NULL, NULL, NULL, 120.0, NULL, NULL, NULL, NULL, NULL, NULL, NULL, NULL, NULL, NULL, NULL, NULL, NULL, NULL, -89.1, 39.0),
(9000, NOW() - INTERVAL '16.0 HOURS', 39.0, 86.0, 98.0, NULL, 134.0, 129.0, 90.0, 18.0, 25.0, NULL, NULL, NULL, NULL, NULL, NULL, NULL, NULL, NULL, NULL, NULL, NULL, NULL, NULL, NULL, NULL, NULL, NULL, NULL, NULL, NULL, NULL, NULL, NULL, NULL, NULL, NULL, NULL, -89.1, 40.0),
(9000, NOW() - INTERVAL '15.0 HOURS', 40.0, 80.0, 98.0, 37.5, 181.0, 115.0, 73.0, 20.0, 26.0, NULL, NULL, NULL, NULL, NULL, NULL, NULL, NULL, NULL, NULL, NULL, NULL, NULL, NULL, NULL, NULL, NULL, NULL, NULL, NULL, NULL, NULL, NULL, NULL, NULL, NULL, NULL, NULL, -89.1, 41.0),
(9000, NOW() - INTERVAL '14.0 HOURS', 41.0, 79.0, 98.0, NULL, 158.0, 104.0, 69.0, 18.0, 29.0, NULL, NULL, NULL, NULL, NULL, NULL, NULL, NULL, NULL, NULL, NULL, NULL, NULL, NULL, NULL, NULL, NULL, NULL, NULL, NULL, NULL, NULL, NULL, NULL, NULL, NULL, NULL, NULL, -89.1, 42.0),
(9000, NOW() - INTERVAL '13.0 HOURS', 42.0, 82.0, 98.0, NULL, 178.0, 115.0, 71.0, 14.0, 27.0, NULL, NULL, NULL, NULL, NULL, NULL, NULL, NULL, NULL, NULL, NULL, NULL, NULL, NULL, NULL, NULL, NULL, NULL, NULL, NULL, NULL, NULL, NULL, NULL, NULL, NULL, NULL, NULL, -89.1, 43.0),
(9000, NOW() - INTERVAL '12.0 HOURS', 43.0, 87.0, 98.0, NULL, 181.0, 123.0, 78.0, 16.0, 25.0, NULL, NULL, NULL, NULL, NULL, NULL, NULL, NULL, NULL, NULL, NULL, NULL, NULL, NULL, NULL, NULL, NULL, NULL, NULL, NULL, NULL, NULL, NULL, NULL, NULL, NULL, NULL, NULL, -89.1, 44.0),
(9000, NOW() - INTERVAL '11.0 HOURS', 44.0, 84.0, 97.5, 37.4, 158.0, 107.5, 68.0, 15.0, 26.0, NULL, NULL, NULL, NULL, NULL, NULL, NULL, NULL, NULL, NULL, NULL, NULL, NULL, NULL, NULL, NULL, NULL, NULL, NULL, NULL, NULL, NULL, NULL, NULL, NULL, NULL, NULL, NULL, -89.1, 45.0),
(9000, NOW() - INTERVAL '10.0 HOURS', 45.0, 90.0, 97.0, NULL, 128.0, 84.0, 53.0, 11.0, 26.0, NULL, NULL, NULL, NULL, NULL, NULL, NULL, NULL, NULL, NULL, NULL, NULL, NULL, NULL, NULL, NULL, NULL, NULL, NULL, NULL, NULL, NULL, NULL, NULL, NULL, NULL, NULL, NULL, -89.1, 46.0),
(9000, NOW() - INTERVAL '9.0 HOURS', 46.0, 90.0, 97.0, NULL, 126.0, 81.0, 51.0, 14.0, 27.0, NULL, NULL, NULL, NULL, NULL, NULL, NULL, 17.0, NULL, 8.2, NULL, 0.69, NULL, 157.5, NULL, 2.2, 2.0, 4.0, NULL, NULL, 35.8, 11.5, NULL, 13.3, NULL, 236.0, NULL, NULL, -89.1, 47.0),
(9000, NOW() - INTERVAL '8.0 HOURS', 47.0, 86.0, 97.0, NULL, 134.0, 85.0, 53.0, 14.0, 27.5, NULL, NULL, NULL, NULL, NULL, NULL, NULL, NULL, NULL, NULL, NULL, NULL, NULL, NULL, NULL, NULL, NULL, NULL, NULL, NULL, NULL, NULL, NULL, NULL, NULL, NULL, NULL, NULL, -89.1, 48.0),
(9000, NOW() - INTERVAL '7.0 HOURS', 48.0, 87.5, 97.5, 37.6, 125.0, 77.0, 48.0, 14.0, 27.0, NULL, NULL, NULL, NULL, NULL, NULL, NULL, NULL, NULL, NULL, NULL, NULL, NULL, NULL, NULL, NULL, NULL, NULL, NULL, NULL, NULL, NULL, NULL, NULL, NULL, NULL, NULL, NULL, -89.1, 49.0),
(9000, NOW() - INTERVAL '6.0 HOURS', 49.0, 90.0, 97.0, NULL, 98.0, 85.0, 74.0, 16.0, NULL, NULL, NULL, NULL, NULL, NULL, NULL, NULL, NULL, NULL, NULL, NULL, NULL, NULL, NULL, NULL, NULL, NULL, NULL, NULL, NULL, NULL, NULL, NULL, NULL, NULL, NULL, NULL, NULL, -89.1, 50.0),
(9000, NOW() - INTERVAL '5.0 HOURS', 50.0, 76.0, 96.0, NULL, 161.0, 104.0, 67.0, 18.0, NULL, NULL, NULL, NULL, NULL, NULL, NULL, NULL, NULL, NULL, NULL, NULL, NULL, NULL, NULL, NULL, NULL, NULL, NULL, NULL, NULL, NULL, NULL, NULL, NULL, NULL, NULL, NULL, NULL, -89.1, 51.0),
(9000, NOW() - INTERVAL '4.0 HOURS', 51.0, 97.0, 97.0, NULL, 158.0, 99.0, 63.0, 19.0, NULL, NULL, NULL, NULL, NULL, NULL, NULL, NULL, NULL, NULL, NULL, NULL, NULL, NULL, NULL, NULL, NULL, NULL, NULL, NULL, NULL, NULL, NULL, NULL, NULL, NULL, NULL, NULL, NULL, -89.1, 52.0),
(9000, NOW() - INTERVAL '3.0 HOURS', 52.0, 90.0, 97.0, 37.5, 165.0, 96.0, 60.0, 10.0, NULL, NULL, NULL, NULL, NULL, NULL, NULL, NULL, NULL, NULL, NULL, NULL, NULL, NULL, NULL, NULL, NULL, NULL, NULL, NULL, NULL, NULL, NULL, NULL, NULL, NULL, NULL, NULL, NULL, -89.1, 53.0),
(9000, NOW() - INTERVAL '2.0 HOURS', 53.0, 85.0, 98.0, NULL, 187.0, 109.0, 69.0, 11.0, NULL, NULL, NULL, NULL, NULL, NULL, NULL, NULL, NULL, NULL, NULL, NULL, NULL, NULL, NULL, NULL, NULL, NULL, NULL, NULL, NULL, NULL, NULL, NULL, NULL, NULL, NULL, NULL, NULL, -89.1, 54.0),
(9000, NOW() - INTERVAL '1.0 HOURS', 54.0, 85.0, 98.0, NULL, 144.0, 92.0, 61.0, 12.0, NULL, NULL, NULL, NULL, NULL, NULL, NULL, NULL, NULL, NULL, NULL, NULL, NULL, NULL, NULL, NULL, NULL, NULL, NULL, NULL, NULL, NULL, NULL, NULL, NULL, NULL, NULL, NULL, NULL, -89.1, 55.0);

-- Patient 105045
INSERT INTO patients (id, bed_id, name, age, gender, cnp, phone_number, emergency_contact_name, emergency_contact, attending_physician, blood_type, allergies, admission_date, is_active) VALUES 
(9001, 9001, 'Demo Patient 105045', 59, 'F', '105045', '555-0100', 'Jane Doe', '555-0199', 'Dr. Smith', 'O+', 'None', NOW() - INTERVAL '76 HOURS', true);
INSERT INTO patient_vitals (patient_id, timestamp, hour, "HR", "O2Sat", "Temp", "SBP", "MAP", "DBP", "Resp", "EtCO2", "BaseExcess", "HCO3", "FiO2", "pH", "PaCO2", "SaO2", "AST", "BUN", "Alkalinephos", "Calcium", "Chloride", "Creatinine", "Bilirubin_direct", "Glucose", "Lactate", "Magnesium", "Phosphate", "Potassium", "Bilirubin_total", "TroponinI", "Hct", "Hgb", "PTT", "WBC", "Fibrinogen", "Platelets", "Unit1", "Unit2", "HospAdmTime", "ICULOS") VALUES
(9001, NOW() - INTERVAL '76.0 HOURS', 0.0, NULL, NULL, NULL, NULL, NULL, NULL, NULL, NULL, NULL, NULL, NULL, NULL, NULL, NULL, NULL, NULL, NULL, NULL, NULL, NULL, NULL, NULL, NULL, NULL, NULL, NULL, NULL, NULL, NULL, NULL, NULL, NULL, NULL, NULL, NULL, NULL, -12.83, 1.0),
(9001, NOW() - INTERVAL '75.0 HOURS', 1.0, 101.0, 96.0, NULL, 155.0, 108.0, 76.0, 22.0, NULL, NULL, NULL, NULL, NULL, NULL, NULL, NULL, NULL, NULL, NULL, NULL, NULL, NULL, NULL, NULL, NULL, NULL, NULL, NULL, NULL, NULL, NULL, NULL, NULL, NULL, NULL, NULL, NULL, -12.83, 2.0),
(9001, NOW() - INTERVAL '74.0 HOURS', 2.0, NULL, NULL, NULL, NULL, NULL, NULL, NULL, NULL, NULL, NULL, NULL, NULL, NULL, NULL, NULL, NULL, NULL, NULL, NULL, NULL, NULL, NULL, NULL, NULL, NULL, NULL, NULL, NULL, NULL, NULL, NULL, NULL, NULL, NULL, NULL, NULL, -12.83, 3.0),
(9001, NOW() - INTERVAL '73.0 HOURS', 3.0, 107.5, 98.0, 36.5, 146.0, 105.0, 76.0, 16.0, NULL, NULL, NULL, NULL, NULL, NULL, NULL, NULL, NULL, NULL, NULL, NULL, NULL, NULL, NULL, NULL, NULL, NULL, NULL, NULL, NULL, NULL, NULL, NULL, NULL, NULL, NULL, NULL, NULL, -12.83, 4.0),
(9001, NOW() - INTERVAL '72.0 HOURS', 4.0, NULL, NULL, NULL, NULL, NULL, NULL, NULL, NULL, NULL, NULL, NULL, NULL, NULL, NULL, NULL, NULL, NULL, NULL, NULL, NULL, NULL, NULL, NULL, NULL, NULL, NULL, NULL, NULL, NULL, NULL, NULL, NULL, NULL, NULL, NULL, NULL, -12.83, 5.0),
(9001, NOW() - INTERVAL '71.0 HOURS', 5.0, 106.0, 97.0, NULL, 136.0, 95.0, 66.0, 19.0, NULL, NULL, NULL, NULL, NULL, NULL, NULL, NULL, 18.0, NULL, 9.2, NULL, 0.77, NULL, 122.0, NULL, NULL, NULL, 4.3, NULL, NULL, NULL, NULL, NULL, NULL, NULL, NULL, NULL, NULL, -12.83, 6.0),
(9001, NOW() - INTERVAL '70.0 HOURS', 6.0, NULL, NULL, NULL, NULL, NULL, NULL, NULL, NULL, NULL, NULL, NULL, NULL, NULL, NULL, NULL, NULL, NULL, NULL, NULL, NULL, NULL, NULL, NULL, NULL, NULL, NULL, NULL, NULL, NULL, NULL, NULL, NULL, NULL, NULL, NULL, NULL, -12.83, 7.0),
(9001, NOW() - INTERVAL '69.0 HOURS', 7.0, 98.0, 98.0, 36.0, 147.0, 107.0, 81.0, 11.0, NULL, NULL, NULL, NULL, NULL, NULL, NULL, NULL, NULL, NULL, NULL, NULL, NULL, NULL, NULL, NULL, NULL, NULL, NULL, NULL, NULL, NULL, NULL, NULL, NULL, NULL, NULL, NULL, NULL, -12.83, 8.0),
(9001, NOW() - INTERVAL '68.0 HOURS', 8.0, NULL, NULL, NULL, NULL, NULL, NULL, NULL, NULL, NULL, NULL, NULL, NULL, NULL, NULL, NULL, NULL, NULL, NULL, NULL, NULL, NULL, NULL, NULL, NULL, NULL, NULL, NULL, NULL, NULL, NULL, NULL, NULL, NULL, NULL, NULL, NULL, -12.83, 9.0),
(9001, NOW() - INTERVAL '67.0 HOURS', 9.0, 88.0, 97.0, NULL, 149.0, 105.0, 78.0, 10.0, NULL, NULL, NULL, NULL, NULL, NULL, NULL, NULL, NULL, NULL, NULL, NULL, NULL, NULL, NULL, NULL, NULL, NULL, NULL, NULL, NULL, NULL, NULL, NULL, NULL, NULL, NULL, NULL, NULL, -12.83, 10.0),
(9001, NOW() - INTERVAL '66.0 HOURS', 10.0, NULL, NULL, NULL, NULL, NULL, NULL, NULL, NULL, NULL, NULL, NULL, NULL, NULL, NULL, NULL, NULL, NULL, NULL, NULL, NULL, NULL, NULL, NULL, NULL, NULL, NULL, NULL, NULL, NULL, NULL, NULL, NULL, NULL, NULL, NULL, NULL, -12.83, 11.0),
(9001, NOW() - INTERVAL '65.0 HOURS', 11.0, 86.0, 98.0, 36.6, 143.0, 112.0, 88.0, 13.0, NULL, NULL, NULL, NULL, NULL, NULL, NULL, NULL, NULL, NULL, NULL, NULL, NULL, NULL, NULL, NULL, NULL, NULL, NULL, NULL, NULL, NULL, NULL, NULL, NULL, NULL, NULL, NULL, NULL, -12.83, 12.0),
(9001, NOW() - INTERVAL '64.0 HOURS', 12.0, NULL, NULL, NULL, NULL, NULL, NULL, NULL, NULL, NULL, NULL, NULL, NULL, NULL, NULL, NULL, NULL, NULL, NULL, NULL, NULL, NULL, NULL, NULL, NULL, NULL, NULL, NULL, NULL, NULL, NULL, NULL, NULL, NULL, NULL, NULL, NULL, -12.83, 13.0),
(9001, NOW() - INTERVAL '63.0 HOURS', 13.0, 86.0, NULL, NULL, 168.0, 125.0, 94.0, 18.0, 96.0, NULL, NULL, NULL, NULL, NULL, NULL, NULL, NULL, NULL, NULL, NULL, NULL, NULL, NULL, NULL, NULL, NULL, NULL, NULL, NULL, NULL, NULL, NULL, NULL, NULL, NULL, NULL, NULL, -12.83, 14.0),
(9001, NOW() - INTERVAL '62.0 HOURS', 14.0, NULL, NULL, NULL, NULL, NULL, NULL, NULL, NULL, NULL, NULL, NULL, NULL, NULL, NULL, NULL, NULL, NULL, NULL, NULL, NULL, NULL, NULL, NULL, NULL, NULL, NULL, NULL, NULL, NULL, NULL, NULL, NULL, NULL, NULL, NULL, NULL, -12.83, 15.0),
(9001, NOW() - INTERVAL '61.0 HOURS', 15.0, 84.0, 99.0, 36.7, 168.0, 116.0, 98.0, 19.0, NULL, NULL, NULL, NULL, NULL, NULL, NULL, NULL, NULL, NULL, NULL, NULL, NULL, NULL, NULL, NULL, NULL, NULL, NULL, NULL, NULL, NULL, NULL, NULL, NULL, NULL, NULL, NULL, NULL, -12.83, 16.0),
(9001, NOW() - INTERVAL '60.0 HOURS', 16.0, 80.0, 99.0, NULL, 176.0, 132.0, 98.0, 16.0, NULL, NULL, NULL, NULL, NULL, NULL, NULL, NULL, NULL, NULL, NULL, NULL, NULL, NULL, NULL, NULL, NULL, NULL, NULL, NULL, NULL, NULL, NULL, NULL, NULL, NULL, NULL, NULL, NULL, -12.83, 17.0),
(9001, NOW() - INTERVAL '59.0 HOURS', 17.0, 100.0, 99.0, NULL, 151.0, 109.0, 78.0, 18.0, NULL, NULL, NULL, NULL, NULL, NULL, NULL, NULL, NULL, NULL, NULL, NULL, NULL, NULL, NULL, NULL, NULL, NULL, NULL, NULL, NULL, NULL, NULL, NULL, NULL, NULL, NULL, NULL, NULL, -12.83, 18.0),
(9001, NOW() - INTERVAL '58.0 HOURS', 18.0, NULL, NULL, NULL, NULL, NULL, NULL, NULL, NULL, NULL, NULL, NULL, NULL, NULL, NULL, NULL, NULL, NULL, NULL, NULL, NULL, NULL, NULL, NULL, NULL, NULL, NULL, NULL, NULL, NULL, NULL, NULL, NULL, NULL, NULL, NULL, NULL, -12.83, 19.0),
(9001, NOW() - INTERVAL '57.0 HOURS', 19.0, 95.0, 99.0, 36.8, 140.0, 106.0, 81.0, 20.0, NULL, NULL, NULL, NULL, NULL, NULL, NULL, NULL, NULL, NULL, NULL, NULL, NULL, NULL, NULL, NULL, NULL, NULL, NULL, NULL, NULL, NULL, NULL, NULL, NULL, NULL, NULL, NULL, NULL, -12.83, 20.0),
(9001, NOW() - INTERVAL '56.0 HOURS', 20.0, NULL, NULL, NULL, NULL, NULL, NULL, NULL, NULL, NULL, NULL, NULL, NULL, NULL, NULL, NULL, NULL, NULL, NULL, NULL, NULL, NULL, NULL, NULL, NULL, NULL, NULL, NULL, NULL, NULL, NULL, NULL, NULL, NULL, NULL, NULL, NULL, -12.83, 21.0),
(9001, NOW() - INTERVAL '55.0 HOURS', 21.0, 89.0, 98.0, NULL, 154.0, 108.0, 78.0, 18.0, NULL, NULL, NULL, NULL, NULL, NULL, NULL, NULL, NULL, NULL, NULL, NULL, NULL, NULL, NULL, NULL, NULL, NULL, NULL, NULL, NULL, NULL, NULL, NULL, NULL, NULL, NULL, NULL, NULL, -12.83, 22.0),
(9001, NOW() - INTERVAL '54.0 HOURS', 22.0, NULL, NULL, NULL, NULL, NULL, NULL, NULL, NULL, NULL, NULL, NULL, NULL, NULL, NULL, NULL, NULL, NULL, NULL, NULL, NULL, NULL, NULL, NULL, NULL, NULL, NULL, NULL, NULL, NULL, NULL, NULL, NULL, NULL, NULL, NULL, NULL, -12.83, 23.0),
(9001, NOW() - INTERVAL '53.0 HOURS', 23.0, 82.0, 97.0, 37.1, 153.0, 112.0, 81.0, 19.0, NULL, NULL, NULL, NULL, NULL, NULL, NULL, NULL, NULL, NULL, NULL, NULL, NULL, NULL, NULL, NULL, NULL, NULL, NULL, NULL, NULL, NULL, NULL, NULL, NULL, NULL, NULL, NULL, NULL, -12.83, 24.0),
(9001, NOW() - INTERVAL '52.0 HOURS', 24.0, NULL, NULL, NULL, NULL, NULL, NULL, NULL, NULL, NULL, NULL, NULL, NULL, NULL, NULL, NULL, NULL, NULL, NULL, NULL, NULL, NULL, NULL, NULL, NULL, NULL, NULL, NULL, NULL, NULL, NULL, NULL, NULL, NULL, NULL, NULL, NULL, -12.83, 25.0),
(9001, NOW() - INTERVAL '51.0 HOURS', 25.0, 78.0, 98.0, NULL, 141.0, 115.0, 91.0, 18.0, NULL, NULL, NULL, NULL, NULL, NULL, NULL, NULL, NULL, NULL, NULL, NULL, NULL, NULL, NULL, NULL, NULL, NULL, NULL, NULL, NULL, NULL, NULL, NULL, NULL, NULL, NULL, NULL, NULL, -12.83, 26.0),
(9001, NOW() - INTERVAL '50.0 HOURS', 26.0, 80.0, 98.0, NULL, 156.0, 120.0, 96.0, 13.0, NULL, NULL, NULL, NULL, NULL, NULL, NULL, NULL, NULL, NULL, NULL, NULL, NULL, NULL, NULL, NULL, NULL, NULL, NULL, NULL, NULL, NULL, NULL, NULL, NULL, NULL, NULL, NULL, NULL, -12.83, 27.0),
(9001, NOW() - INTERVAL '49.0 HOURS', 27.0, 96.5, 98.5, 36.6, 140.0, 101.0, 74.0, 15.0, NULL, NULL, NULL, NULL, NULL, NULL, NULL, NULL, NULL, NULL, NULL, NULL, NULL, NULL, NULL, NULL, NULL, NULL, NULL, NULL, NULL, NULL, NULL, NULL, NULL, NULL, NULL, NULL, NULL, -12.83, 28.0),
(9001, NOW() - INTERVAL '48.0 HOURS', 28.0, 86.0, 97.0, NULL, 132.0, 95.0, 73.0, 12.0, NULL, NULL, NULL, NULL, NULL, NULL, NULL, NULL, NULL, NULL, NULL, NULL, NULL, NULL, NULL, NULL, NULL, NULL, NULL, NULL, NULL, NULL, NULL, NULL, NULL, NULL, NULL, NULL, NULL, -12.83, 29.0),
(9001, NOW() - INTERVAL '47.0 HOURS', 29.0, 86.0, 96.0, NULL, 121.0, 89.0, 68.0, 14.0, NULL, NULL, NULL, NULL, NULL, NULL, NULL, NULL, 15.0, NULL, 9.1, NULL, 0.69, NULL, 147.0, NULL, NULL, NULL, 4.2, NULL, NULL, NULL, NULL, NULL, NULL, NULL, NULL, NULL, NULL, -12.83, 30.0),
(9001, NOW() - INTERVAL '46.0 HOURS', 30.0, 84.0, 95.0, NULL, 130.0, 87.0, 62.0, 11.0, NULL, NULL, NULL, NULL, NULL, NULL, NULL, NULL, NULL, NULL, NULL, NULL, NULL, NULL, NULL, NULL, NULL, NULL, NULL, NULL, NULL, NULL, NULL, NULL, NULL, NULL, NULL, NULL, NULL, -12.83, 31.0),
(9001, NOW() - INTERVAL '45.0 HOURS', 31.0, 80.0, 95.0, 36.9, 114.0, 85.0, 66.0, 13.0, NULL, NULL, NULL, NULL, NULL, NULL, NULL, NULL, NULL, NULL, NULL, NULL, NULL, NULL, NULL, NULL, NULL, NULL, NULL, NULL, NULL, NULL, NULL, NULL, NULL, NULL, NULL, NULL, NULL, -12.83, 32.0),
(9001, NOW() - INTERVAL '44.0 HOURS', 32.0, 80.0, 96.0, NULL, 122.0, 88.0, 65.0, 10.0, NULL, NULL, NULL, NULL, NULL, NULL, NULL, NULL, NULL, NULL, NULL, NULL, NULL, NULL, NULL, NULL, NULL, NULL, NULL, NULL, NULL, NULL, NULL, NULL, NULL, NULL, NULL, NULL, NULL, -12.83, 33.0),
(9001, NOW() - INTERVAL '43.0 HOURS', 33.0, 80.0, 99.0, NULL, 121.0, 88.0, 67.0, 16.0, NULL, NULL, NULL, NULL, NULL, NULL, NULL, NULL, NULL, NULL, NULL, NULL, NULL, NULL, NULL, NULL, NULL, NULL, NULL, NULL, NULL, NULL, NULL, NULL, NULL, NULL, NULL, NULL, NULL, -12.83, 34.0),
(9001, NOW() - INTERVAL '42.0 HOURS', 34.0, 80.0, 98.0, NULL, 126.0, 94.0, 72.0, 12.0, NULL, NULL, NULL, NULL, NULL, NULL, NULL, NULL, NULL, NULL, NULL, NULL, NULL, NULL, NULL, NULL, NULL, NULL, NULL, NULL, NULL, NULL, NULL, NULL, NULL, NULL, NULL, NULL, NULL, -12.83, 35.0),
(9001, NOW() - INTERVAL '41.0 HOURS', 35.0, 78.0, 98.0, 36.6, 111.0, 86.0, 69.0, 15.0, NULL, NULL, NULL, NULL, NULL, NULL, NULL, NULL, NULL, NULL, NULL, NULL, NULL, NULL, NULL, NULL, NULL, NULL, NULL, NULL, NULL, NULL, NULL, NULL, NULL, NULL, NULL, NULL, NULL, -12.83, 36.0),
(9001, NOW() - INTERVAL '40.0 HOURS', 36.0, 76.0, 97.0, NULL, 132.0, 95.0, 74.0, 10.0, NULL, NULL, NULL, NULL, NULL, NULL, NULL, NULL, NULL, NULL, NULL, NULL, NULL, NULL, NULL, NULL, NULL, NULL, NULL, NULL, NULL, NULL, NULL, NULL, NULL, NULL, NULL, NULL, NULL, -12.83, 37.0),
(9001, NOW() - INTERVAL '39.0 HOURS', 37.0, 78.0, 96.0, NULL, 135.0, 100.0, 74.0, 11.0, NULL, NULL, NULL, NULL, NULL, NULL, NULL, NULL, NULL, NULL, NULL, NULL, NULL, NULL, NULL, NULL, NULL, NULL, NULL, NULL, NULL, NULL, NULL, NULL, NULL, NULL, NULL, NULL, NULL, -12.83, 38.0),
(9001, NOW() - INTERVAL '38.0 HOURS', 38.0, NULL, NULL, NULL, NULL, NULL, NULL, NULL, NULL, NULL, NULL, NULL, NULL, NULL, NULL, NULL, NULL, NULL, NULL, NULL, NULL, NULL, NULL, NULL, NULL, NULL, NULL, NULL, NULL, NULL, NULL, NULL, NULL, NULL, NULL, NULL, NULL, -12.83, 39.0),
(9001, NOW() - INTERVAL '37.0 HOURS', 39.0, 76.0, 96.0, 36.7, 126.0, 98.0, 78.0, 12.0, NULL, NULL, NULL, NULL, NULL, NULL, NULL, NULL, NULL, NULL, NULL, NULL, NULL, NULL, NULL, NULL, NULL, NULL, NULL, NULL, NULL, NULL, NULL, NULL, NULL, NULL, NULL, NULL, NULL, -12.83, 40.0),
(9001, NOW() - INTERVAL '36.0 HOURS', 40.0, 73.0, 99.0, NULL, 128.0, 100.0, 79.0, 16.0, NULL, NULL, NULL, NULL, NULL, NULL, NULL, NULL, NULL, NULL, NULL, NULL, NULL, NULL, NULL, NULL, NULL, NULL, NULL, NULL, NULL, NULL, NULL, NULL, NULL, NULL, NULL, NULL, NULL, -12.83, 41.0),
(9001, NOW() - INTERVAL '35.0 HOURS', 41.0, 71.0, 98.0, NULL, 124.0, 99.0, 84.0, 20.0, NULL, NULL, NULL, NULL, NULL, NULL, NULL, NULL, NULL, NULL, NULL, NULL, NULL, NULL, NULL, NULL, NULL, NULL, NULL, NULL, NULL, NULL, NULL, NULL, NULL, NULL, NULL, NULL, NULL, -12.83, 42.0),
(9001, NOW() - INTERVAL '34.0 HOURS', 42.0, 82.0, 96.0, NULL, 130.0, 98.0, 76.0, 26.0, NULL, NULL, NULL, NULL, NULL, NULL, NULL, NULL, NULL, NULL, NULL, NULL, NULL, NULL, NULL, NULL, NULL, NULL, NULL, NULL, NULL, NULL, NULL, NULL, NULL, NULL, NULL, NULL, NULL, -12.83, 43.0),
(9001, NOW() - INTERVAL '33.0 HOURS', 43.0, 80.0, 96.0, 36.6, 125.0, 99.0, 87.0, 24.0, NULL, NULL, NULL, NULL, NULL, NULL, NULL, NULL, NULL, NULL, NULL, NULL, NULL, NULL, NULL, NULL, NULL, NULL, NULL, NULL, NULL, NULL, NULL, NULL, NULL, NULL, NULL, NULL, NULL, -12.83, 44.0),
(9001, NOW() - INTERVAL '32.0 HOURS', 44.0, 90.0, 97.0, NULL, 113.0, 90.0, 78.0, 22.0, NULL, NULL, NULL, NULL, NULL, NULL, NULL, NULL, NULL, NULL, NULL, NULL, NULL, NULL, NULL, NULL, NULL, NULL, NULL, NULL, NULL, NULL, NULL, NULL, NULL, NULL, NULL, NULL, NULL, -12.83, 45.0),
(9001, NOW() - INTERVAL '31.0 HOURS', 45.0, 87.0, 96.0, NULL, 121.0, 84.0, 67.0, 24.0, NULL, NULL, NULL, NULL, NULL, NULL, NULL, NULL, NULL, NULL, NULL, NULL, NULL, NULL, NULL, NULL, NULL, NULL, NULL, NULL, NULL, NULL, NULL, NULL, NULL, NULL, NULL, NULL, NULL, -12.83, 46.0),
(9001, NOW() - INTERVAL '30.0 HOURS', 46.0, 82.0, 97.0, NULL, 128.0, 92.0, 84.0, 21.0, NULL, NULL, NULL, NULL, NULL, NULL, NULL, NULL, NULL, NULL, NULL, NULL, NULL, NULL, NULL, NULL, NULL, NULL, NULL, NULL, NULL, NULL, NULL, NULL, NULL, NULL, NULL, NULL, NULL, -12.83, 47.0),
(9001, NOW() - INTERVAL '29.0 HOURS', 47.0, 86.0, 96.0, 36.7, 131.0, 94.0, 70.0, 24.0, NULL, NULL, NULL, NULL, NULL, NULL, NULL, NULL, NULL, NULL, NULL, NULL, NULL, NULL, NULL, NULL, NULL, NULL, NULL, NULL, NULL, NULL, NULL, NULL, NULL, NULL, NULL, NULL, NULL, -12.83, 48.0),
(9001, NOW() - INTERVAL '28.0 HOURS', 48.0, 90.0, 97.0, NULL, 135.0, 96.0, 87.0, 20.0, NULL, NULL, NULL, NULL, NULL, NULL, NULL, NULL, NULL, NULL, NULL, NULL, NULL, NULL, NULL, NULL, NULL, NULL, NULL, NULL, NULL, NULL, NULL, NULL, NULL, NULL, NULL, NULL, NULL, -12.83, 49.0),
(9001, NOW() - INTERVAL '27.0 HOURS', 49.0, 84.0, 96.0, NULL, 136.0, 99.0, 72.0, 18.0, NULL, NULL, NULL, NULL, NULL, NULL, NULL, NULL, NULL, NULL, NULL, NULL, NULL, NULL, NULL, NULL, NULL, NULL, NULL, NULL, NULL, NULL, NULL, NULL, NULL, NULL, NULL, NULL, NULL, -12.83, 50.0),
(9001, NOW() - INTERVAL '26.0 HOURS', 50.0, NULL, NULL, NULL, NULL, NULL, NULL, NULL, NULL, NULL, NULL, NULL, NULL, NULL, NULL, NULL, NULL, NULL, NULL, NULL, NULL, NULL, NULL, NULL, NULL, NULL, NULL, NULL, NULL, NULL, NULL, NULL, NULL, NULL, NULL, NULL, NULL, -12.83, 51.0),
(9001, NOW() - INTERVAL '25.0 HOURS', 51.0, 96.0, 96.0, NULL, 124.0, 86.0, 63.0, 14.0, NULL, NULL, NULL, NULL, NULL, NULL, NULL, NULL, NULL, NULL, NULL, NULL, NULL, NULL, NULL, NULL, NULL, NULL, NULL, NULL, NULL, NULL, NULL, NULL, NULL, NULL, NULL, NULL, NULL, -12.83, 52.0),
(9001, NOW() - INTERVAL '24.0 HOURS', 52.0, 95.0, 98.0, 35.9, 136.0, 91.0, 67.0, 17.0, NULL, NULL, NULL, NULL, NULL, NULL, NULL, NULL, 17.0, NULL, 9.0, NULL, 0.65, NULL, 114.0, NULL, NULL, NULL, 4.7, NULL, NULL, NULL, NULL, NULL, NULL, NULL, NULL, NULL, NULL, -12.83, 53.0),
(9001, NOW() - INTERVAL '23.0 HOURS', 53.0, 90.0, 97.0, NULL, 136.0, 102.0, 76.0, 9.0, NULL, NULL, NULL, NULL, NULL, NULL, NULL, NULL, NULL, NULL, NULL, NULL, NULL, NULL, NULL, NULL, NULL, NULL, NULL, NULL, NULL, NULL, NULL, NULL, NULL, NULL, NULL, NULL, NULL, -12.83, 54.0),
(9001, NOW() - INTERVAL '22.0 HOURS', 54.0, 94.0, 100.0, NULL, 153.0, 101.0, 71.0, 13.0, NULL, NULL, NULL, NULL, NULL, NULL, NULL, NULL, NULL, NULL, NULL, NULL, NULL, NULL, NULL, NULL, NULL, NULL, NULL, NULL, NULL, NULL, NULL, NULL, NULL, NULL, NULL, NULL, NULL, -12.83, 55.0),
(9001, NOW() - INTERVAL '21.0 HOURS', 55.0, 87.0, 97.0, 36.0, 128.0, 98.0, 78.0, 11.0, NULL, NULL, NULL, NULL, NULL, NULL, NULL, NULL, NULL, NULL, NULL, NULL, NULL, NULL, NULL, NULL, NULL, NULL, NULL, NULL, NULL, NULL, NULL, NULL, NULL, NULL, NULL, NULL, NULL, -12.83, 56.0),
(9001, NOW() - INTERVAL '20.0 HOURS', 56.0, NULL, NULL, NULL, NULL, NULL, NULL, NULL, NULL, NULL, NULL, NULL, NULL, NULL, NULL, NULL, NULL, NULL, NULL, NULL, NULL, NULL, NULL, NULL, NULL, NULL, NULL, NULL, NULL, NULL, NULL, NULL, NULL, NULL, NULL, NULL, NULL, -12.83, 57.0),
(9001, NOW() - INTERVAL '19.0 HOURS', 57.0, 78.0, 97.0, NULL, 129.0, 97.0, 76.0, 12.0, NULL, NULL, NULL, NULL, NULL, NULL, NULL, NULL, NULL, NULL, NULL, NULL, NULL, NULL, NULL, NULL, NULL, NULL, NULL, NULL, NULL, NULL, NULL, NULL, NULL, NULL, NULL, NULL, NULL, -12.83, 58.0),
(9001, NOW() - INTERVAL '18.0 HOURS', 58.0, 79.0, 100.0, NULL, 142.0, 99.0, 69.0, 10.0, NULL, NULL, NULL, NULL, NULL, NULL, NULL, NULL, NULL, NULL, NULL, NULL, NULL, NULL, NULL, NULL, NULL, NULL, NULL, NULL, NULL, NULL, NULL, NULL, NULL, NULL, NULL, NULL, NULL, -12.83, 59.0),
(9001, NOW() - INTERVAL '17.0 HOURS', 59.0, 84.0, 95.0, 36.7, 139.0, 96.0, 74.0, 12.0, NULL, NULL, NULL, NULL, NULL, NULL, NULL, NULL, NULL, NULL, NULL, NULL, NULL, NULL, NULL, NULL, NULL, NULL, NULL, NULL, NULL, NULL, NULL, NULL, NULL, NULL, NULL, NULL, NULL, -12.83, 60.0),
(9001, NOW() - INTERVAL '16.0 HOURS', 60.0, 83.0, 97.0, NULL, 133.0, 100.0, 77.0, 11.0, NULL, NULL, NULL, NULL, NULL, NULL, NULL, NULL, NULL, NULL, NULL, NULL, NULL, NULL, NULL, NULL, NULL, NULL, NULL, NULL, NULL, NULL, NULL, NULL, NULL, NULL, NULL, NULL, NULL, -12.83, 61.0),
(9001, NOW() - INTERVAL '15.0 HOURS', 61.0, NULL, NULL, NULL, NULL, NULL, NULL, NULL, NULL, NULL, NULL, NULL, NULL, NULL, NULL, NULL, NULL, NULL, NULL, NULL, NULL, NULL, NULL, NULL, NULL, NULL, NULL, NULL, NULL, NULL, NULL, NULL, NULL, NULL, NULL, NULL, NULL, -12.83, 62.0),
(9001, NOW() - INTERVAL '14.0 HOURS', 62.0, 90.0, 99.0, NULL, 150.0, 101.0, 70.0, 14.0, NULL, NULL, NULL, NULL, NULL, NULL, NULL, NULL, NULL, NULL, NULL, NULL, NULL, NULL, NULL, NULL, NULL, NULL, NULL, NULL, NULL, NULL, NULL, NULL, NULL, NULL, NULL, NULL, NULL, -12.83, 63.0),
(9001, NOW() - INTERVAL '13.0 HOURS', 63.0, 94.0, 95.0, 36.6, 120.0, 90.0, 69.0, 20.0, NULL, NULL, NULL, NULL, NULL, NULL, NULL, NULL, NULL, NULL, NULL, NULL, NULL, NULL, NULL, NULL, NULL, NULL, NULL, NULL, NULL, NULL, NULL, NULL, NULL, NULL, NULL, NULL, NULL, -12.83, 64.0),
(9001, NOW() - INTERVAL '12.0 HOURS', 64.0, 90.5, 98.0, NULL, 128.0, 87.0, 72.0, 19.0, NULL, NULL, NULL, NULL, NULL, NULL, NULL, NULL, NULL, NULL, NULL, NULL, NULL, NULL, NULL, NULL, NULL, NULL, NULL, NULL, NULL, NULL, NULL, NULL, NULL, NULL, NULL, NULL, NULL, -12.83, 65.0),
(9001, NOW() - INTERVAL '11.0 HOURS', 65.0, 87.0, 98.0, NULL, 124.0, 89.0, 67.0, 20.0, NULL, NULL, NULL, NULL, NULL, NULL, NULL, NULL, NULL, NULL, NULL, NULL, NULL, NULL, NULL, NULL, NULL, NULL, NULL, NULL, NULL, NULL, NULL, NULL, NULL, NULL, NULL, NULL, NULL, -12.83, 66.0),
(9001, NOW() - INTERVAL '10.0 HOURS', 66.0, 105.0, 98.0, NULL, 156.0, 106.0, 79.0, 28.0, NULL, NULL, NULL, NULL, NULL, NULL, NULL, NULL, NULL, NULL, NULL, NULL, NULL, NULL, NULL, NULL, NULL, NULL, NULL, NULL, NULL, NULL, NULL, NULL, NULL, NULL, NULL, NULL, NULL, -12.83, 67.0),
(9001, NOW() - INTERVAL '9.0 HOURS', 67.0, 103.0, 96.0, 36.8, 158.0, 108.0, 69.0, 26.0, NULL, NULL, NULL, NULL, NULL, NULL, NULL, NULL, NULL, NULL, NULL, NULL, NULL, NULL, NULL, NULL, NULL, NULL, NULL, NULL, NULL, NULL, NULL, NULL, NULL, NULL, NULL, NULL, NULL, -12.83, 68.0),
(9001, NOW() - INTERVAL '8.0 HOURS', 68.0, 101.0, 98.0, NULL, 154.0, 117.0, 64.0, 22.0, NULL, NULL, NULL, NULL, NULL, NULL, NULL, NULL, NULL, NULL, NULL, NULL, NULL, NULL, NULL, NULL, NULL, NULL, NULL, NULL, NULL, NULL, NULL, NULL, NULL, NULL, NULL, NULL, NULL, -12.83, 69.0),
(9001, NOW() - INTERVAL '7.0 HOURS', 69.0, 95.0, 96.0, NULL, 147.0, 102.0, 96.0, 24.0, NULL, NULL, NULL, NULL, NULL, NULL, NULL, NULL, NULL, NULL, NULL, NULL, NULL, NULL, NULL, NULL, NULL, NULL, NULL, NULL, NULL, NULL, NULL, NULL, NULL, NULL, NULL, NULL, NULL, -12.83, 70.0),
(9001, NOW() - INTERVAL '6.0 HOURS', 70.0, 99.0, 98.0, NULL, 172.0, 108.0, 64.0, 26.0, NULL, NULL, NULL, NULL, NULL, NULL, NULL, NULL, NULL, NULL, NULL, NULL, NULL, NULL, NULL, NULL, NULL, NULL, NULL, NULL, NULL, NULL, NULL, NULL, NULL, NULL, NULL, NULL, NULL, -12.83, 71.0),
(9001, NOW() - INTERVAL '5.0 HOURS', 71.0, 98.0, 99.0, 36.7, 160.0, 121.0, 98.0, 19.0, NULL, NULL, NULL, NULL, NULL, NULL, NULL, NULL, NULL, NULL, NULL, NULL, NULL, NULL, NULL, NULL, NULL, NULL, NULL, NULL, NULL, NULL, NULL, NULL, NULL, NULL, NULL, NULL, NULL, -12.83, 72.0),
(9001, NOW() - INTERVAL '4.0 HOURS', 72.0, 95.0, 98.0, 36.2, 160.0, 122.0, 98.0, 20.0, NULL, NULL, NULL, NULL, NULL, NULL, NULL, NULL, NULL, NULL, NULL, NULL, NULL, NULL, NULL, NULL, NULL, NULL, NULL, NULL, NULL, NULL, NULL, NULL, NULL, NULL, NULL, NULL, NULL, -12.83, 73.0),
(9001, NOW() - INTERVAL '3.0 HOURS', 73.0, NULL, NULL, NULL, NULL, NULL, NULL, NULL, NULL, NULL, NULL, NULL, NULL, NULL, NULL, NULL, NULL, NULL, NULL, NULL, NULL, NULL, NULL, NULL, NULL, NULL, NULL, NULL, NULL, NULL, NULL, NULL, NULL, NULL, NULL, NULL, NULL, -12.83, 74.0),
(9001, NOW() - INTERVAL '2.0 HOURS', 74.0, 98.0, 96.0, NULL, 166.0, NULL, 84.0, 21.0, NULL, NULL, NULL, NULL, NULL, NULL, NULL, NULL, NULL, NULL, NULL, NULL, NULL, NULL, NULL, NULL, NULL, NULL, NULL, NULL, NULL, NULL, NULL, NULL, NULL, NULL, NULL, NULL, NULL, -12.83, 75.0),
(9001, NOW() - INTERVAL '1.0 HOURS', 75.0, 96.0, 99.0, 37.0, 123.0, 90.0, 67.0, 18.0, NULL, NULL, NULL, NULL, NULL, NULL, NULL, NULL, NULL, NULL, NULL, NULL, NULL, NULL, NULL, NULL, NULL, NULL, NULL, NULL, NULL, NULL, NULL, NULL, NULL, NULL, NULL, NULL, NULL, -12.83, 76.0);

-- Patient 111353
INSERT INTO patients (id, bed_id, name, age, gender, cnp, phone_number, emergency_contact_name, emergency_contact, attending_physician, blood_type, allergies, admission_date, is_active) VALUES 
(9002, 9002, 'Demo Patient 111353', 73, 'M', '111353', '555-0100', 'Jane Doe', '555-0199', 'Dr. Smith', 'O+', 'None', NOW() - INTERVAL '5 HOURS', true);
INSERT INTO patient_vitals (patient_id, timestamp, hour, "HR", "O2Sat", "Temp", "SBP", "MAP", "DBP", "Resp", "EtCO2", "BaseExcess", "HCO3", "FiO2", "pH", "PaCO2", "SaO2", "AST", "BUN", "Alkalinephos", "Calcium", "Chloride", "Creatinine", "Bilirubin_direct", "Glucose", "Lactate", "Magnesium", "Phosphate", "Potassium", "Bilirubin_total", "TroponinI", "Hct", "Hgb", "PTT", "WBC", "Fibrinogen", "Platelets", "Unit1", "Unit2", "HospAdmTime", "ICULOS") VALUES
(9002, NOW() - INTERVAL '5.0 HOURS', 0.0, NULL, NULL, NULL, NULL, NULL, NULL, NULL, NULL, NULL, NULL, NULL, NULL, NULL, NULL, NULL, NULL, NULL, NULL, NULL, NULL, NULL, NULL, NULL, NULL, NULL, NULL, NULL, NULL, NULL, NULL, NULL, NULL, NULL, NULL, 0.0, 1.0, -12.24, 1.0),
(9002, NOW() - INTERVAL '4.0 HOURS', 1.0, 75.5, 93.5, 36.5, 131.5, 102.0, 81.5, 20.0, NULL, NULL, NULL, NULL, NULL, NULL, NULL, 29.0, 13.0, 79.0, 8.1, NULL, 0.67, NULL, 139.0, NULL, NULL, NULL, 4.4, 0.8, NULL, NULL, NULL, 27.7, NULL, NULL, NULL, 0.0, 1.0, -12.24, 2.0),
(9002, NOW() - INTERVAL '3.0 HOURS', 2.0, 74.0, 90.0, NULL, 121.0, 86.0, 66.0, 20.0, NULL, NULL, NULL, NULL, NULL, NULL, NULL, NULL, NULL, NULL, NULL, NULL, NULL, NULL, NULL, NULL, NULL, NULL, NULL, NULL, NULL, NULL, NULL, NULL, NULL, NULL, NULL, 0.0, 1.0, -12.24, 3.0),
(9002, NOW() - INTERVAL '2.0 HOURS', 3.0, 74.0, 90.0, NULL, 131.0, 92.0, 71.0, 18.0, NULL, NULL, NULL, NULL, NULL, NULL, NULL, NULL, NULL, NULL, NULL, NULL, NULL, NULL, NULL, NULL, NULL, NULL, NULL, NULL, NULL, NULL, NULL, NULL, NULL, NULL, NULL, 0.0, 1.0, -12.24, 4.0),
(9002, NOW() - INTERVAL '1.0 HOURS', 4.0, 74.5, 90.5, NULL, 133.5, 95.5, 73.5, 18.0, NULL, NULL, NULL, NULL, NULL, NULL, NULL, NULL, NULL, NULL, NULL, NULL, NULL, NULL, NULL, NULL, NULL, NULL, NULL, NULL, NULL, NULL, NULL, NULL, NULL, NULL, NULL, 0.0, 1.0, -12.24, 5.0);

-- Patient 018469
INSERT INTO patients (id, bed_id, name, age, gender, cnp, phone_number, emergency_contact_name, emergency_contact, attending_physician, blood_type, allergies, admission_date, is_active) VALUES 
(9003, 9003, 'Demo Patient 018469', 50, 'M', '018469', '555-0100', 'Jane Doe', '555-0199', 'Dr. Smith', 'O+', 'None', NOW() - INTERVAL '13 HOURS', true);
INSERT INTO patient_vitals (patient_id, timestamp, hour, "HR", "O2Sat", "Temp", "SBP", "MAP", "DBP", "Resp", "EtCO2", "BaseExcess", "HCO3", "FiO2", "pH", "PaCO2", "SaO2", "AST", "BUN", "Alkalinephos", "Calcium", "Chloride", "Creatinine", "Bilirubin_direct", "Glucose", "Lactate", "Magnesium", "Phosphate", "Potassium", "Bilirubin_total", "TroponinI", "Hct", "Hgb", "PTT", "WBC", "Fibrinogen", "Platelets", "Unit1", "Unit2", "HospAdmTime", "ICULOS") VALUES
(9003, NOW() - INTERVAL '13.0 HOURS', 0.0, NULL, NULL, NULL, NULL, NULL, NULL, NULL, NULL, NULL, NULL, NULL, NULL, NULL, NULL, NULL, NULL, NULL, NULL, NULL, NULL, NULL, NULL, NULL, NULL, NULL, NULL, NULL, NULL, NULL, NULL, NULL, NULL, NULL, NULL, 1.0, 0.0, -0.03, 1.0),
(9003, NOW() - INTERVAL '12.0 HOURS', 1.0, 91.0, 100.0, 36.78, 93.0, 52.5, NULL, 10.0, NULL, NULL, NULL, NULL, NULL, NULL, NULL, NULL, NULL, NULL, NULL, NULL, NULL, NULL, NULL, NULL, NULL, NULL, NULL, NULL, NULL, NULL, NULL, NULL, NULL, NULL, NULL, 1.0, 0.0, -0.03, 2.0),
(9003, NOW() - INTERVAL '11.0 HOURS', 2.0, 89.0, 99.5, 36.83, 88.5, 41.0, NULL, 7.5, NULL, NULL, NULL, NULL, NULL, NULL, NULL, NULL, NULL, NULL, NULL, NULL, NULL, NULL, NULL, NULL, NULL, NULL, NULL, NULL, NULL, NULL, NULL, NULL, NULL, NULL, NULL, 1.0, 0.0, -0.03, 3.0),
(9003, NOW() - INTERVAL '10.0 HOURS', 3.0, 91.5, 99.5, 36.0, 95.0, 58.0, NULL, 8.0, NULL, NULL, NULL, NULL, NULL, NULL, NULL, NULL, NULL, NULL, NULL, NULL, NULL, NULL, NULL, NULL, NULL, NULL, NULL, NULL, NULL, NULL, NULL, NULL, NULL, NULL, NULL, 1.0, 0.0, -0.03, 4.0),
(9003, NOW() - INTERVAL '9.0 HOURS', 4.0, 91.0, 99.0, 36.33, 103.0, 59.5, NULL, 10.0, NULL, NULL, 23.0, NULL, NULL, NULL, NULL, NULL, 15.0, NULL, 6.3, 111.0, 2.7, NULL, 74.0, NULL, 1.6, 3.3, 4.3, NULL, NULL, 27.9, 8.2, 38.6, 15.2, NULL, 438.0, 1.0, 0.0, -0.03, 5.0),
(9003, NOW() - INTERVAL '8.0 HOURS', 5.0, 90.0, 99.0, NULL, 96.0, 61.0, NULL, 10.0, NULL, NULL, NULL, NULL, NULL, NULL, NULL, NULL, NULL, NULL, NULL, NULL, NULL, NULL, NULL, NULL, NULL, NULL, NULL, NULL, NULL, NULL, NULL, NULL, NULL, NULL, NULL, 1.0, 0.0, -0.03, 6.0),
(9003, NOW() - INTERVAL '7.0 HOURS', 6.0, 90.0, NULL, NULL, 82.0, 56.0, NULL, 11.0, NULL, NULL, NULL, NULL, NULL, NULL, NULL, NULL, NULL, NULL, NULL, NULL, NULL, NULL, NULL, NULL, NULL, NULL, NULL, NULL, NULL, NULL, NULL, NULL, NULL, NULL, NULL, 1.0, 0.0, -0.03, 7.0),
(9003, NOW() - INTERVAL '6.0 HOURS', 7.0, 94.0, 100.0, 36.83, 86.0, 55.0, NULL, 11.0, NULL, NULL, NULL, NULL, NULL, NULL, NULL, NULL, NULL, NULL, NULL, NULL, NULL, NULL, NULL, NULL, NULL, NULL, NULL, NULL, NULL, NULL, NULL, NULL, NULL, NULL, NULL, 1.0, 0.0, -0.03, 8.0),
(9003, NOW() - INTERVAL '5.0 HOURS', 8.0, 93.0, NULL, NULL, 74.0, 28.0, NULL, 8.0, NULL, NULL, NULL, NULL, NULL, NULL, NULL, NULL, NULL, NULL, NULL, NULL, NULL, NULL, NULL, NULL, NULL, NULL, NULL, NULL, NULL, NULL, NULL, NULL, NULL, NULL, NULL, 1.0, 0.0, -0.03, 9.0),
(9003, NOW() - INTERVAL '4.0 HOURS', 9.0, 93.0, NULL, NULL, 77.0, 41.0, NULL, 9.0, NULL, NULL, NULL, NULL, NULL, NULL, NULL, NULL, NULL, NULL, NULL, NULL, NULL, NULL, NULL, NULL, NULL, NULL, NULL, NULL, NULL, NULL, NULL, NULL, NULL, NULL, NULL, 1.0, 0.0, -0.03, 10.0),
(9003, NOW() - INTERVAL '3.0 HOURS', 10.0, 98.0, NULL, NULL, 78.0, 39.0, NULL, 18.0, NULL, NULL, NULL, NULL, NULL, NULL, NULL, NULL, NULL, NULL, NULL, NULL, NULL, NULL, NULL, NULL, NULL, NULL, NULL, NULL, NULL, NULL, NULL, NULL, NULL, NULL, NULL, 1.0, 0.0, -0.03, 11.0),
(9003, NOW() - INTERVAL '2.0 HOURS', 11.0, 97.0, 99.0, 36.72, 78.0, 44.0, NULL, 16.0, NULL, NULL, NULL, NULL, NULL, NULL, NULL, NULL, NULL, NULL, NULL, NULL, NULL, NULL, NULL, NULL, NULL, NULL, NULL, NULL, NULL, NULL, NULL, NULL, NULL, NULL, NULL, 1.0, 0.0, -0.03, 12.0),
(9003, NOW() - INTERVAL '1.0 HOURS', 12.0, 103.0, NULL, NULL, 87.0, 47.0, NULL, 15.0, NULL, NULL, NULL, NULL, NULL, NULL, NULL, NULL, NULL, NULL, NULL, NULL, NULL, NULL, NULL, NULL, NULL, NULL, NULL, NULL, NULL, NULL, NULL, NULL, NULL, NULL, NULL, 1.0, 0.0, -0.03, 13.0);

-- Patient 111512
INSERT INTO patients (id, bed_id, name, age, gender, cnp, phone_number, emergency_contact_name, emergency_contact, attending_physician, blood_type, allergies, admission_date, is_active) VALUES 
(9004, 9004, 'Demo Patient 111512', 24, 'M', '111512', '555-0100', 'Jane Doe', '555-0199', 'Dr. Smith', 'O+', 'None', NOW() - INTERVAL '8 HOURS', true);
INSERT INTO patient_vitals (patient_id, timestamp, hour, "HR", "O2Sat", "Temp", "SBP", "MAP", "DBP", "Resp", "EtCO2", "BaseExcess", "HCO3", "FiO2", "pH", "PaCO2", "SaO2", "AST", "BUN", "Alkalinephos", "Calcium", "Chloride", "Creatinine", "Bilirubin_direct", "Glucose", "Lactate", "Magnesium", "Phosphate", "Potassium", "Bilirubin_total", "TroponinI", "Hct", "Hgb", "PTT", "WBC", "Fibrinogen", "Platelets", "Unit1", "Unit2", "HospAdmTime", "ICULOS") VALUES
(9004, NOW() - INTERVAL '8.0 HOURS', 0.0, NULL, NULL, NULL, NULL, NULL, NULL, NULL, NULL, NULL, NULL, NULL, NULL, NULL, NULL, NULL, NULL, NULL, NULL, NULL, NULL, NULL, NULL, NULL, NULL, NULL, NULL, NULL, NULL, NULL, NULL, NULL, NULL, NULL, NULL, 0.0, 1.0, -928.86, 1.0),
(9004, NOW() - INTERVAL '7.0 HOURS', 1.0, 129.0, 100.0, 37.7, 79.5, 55.5, 47.0, 16.0, NULL, NULL, NULL, NULL, NULL, NULL, NULL, NULL, NULL, NULL, NULL, NULL, NULL, NULL, NULL, NULL, NULL, NULL, NULL, NULL, NULL, NULL, NULL, NULL, NULL, NULL, NULL, 0.0, 1.0, -928.86, 2.0),
(9004, NOW() - INTERVAL '6.0 HOURS', 2.0, 112.0, 100.0, 36.95, 87.5, 55.0, 48.5, 18.0, NULL, NULL, NULL, NULL, NULL, NULL, NULL, NULL, NULL, NULL, NULL, NULL, NULL, NULL, NULL, NULL, NULL, NULL, NULL, NULL, NULL, NULL, NULL, NULL, NULL, NULL, NULL, 0.0, 1.0, -928.86, 3.0),
(9004, NOW() - INTERVAL '5.0 HOURS', 3.0, 104.0, 100.0, NULL, 89.5, 66.0, 56.5, 20.0, NULL, NULL, NULL, NULL, NULL, NULL, NULL, NULL, NULL, NULL, NULL, NULL, NULL, NULL, 100.0, NULL, NULL, NULL, NULL, NULL, NULL, NULL, NULL, NULL, NULL, NULL, NULL, 0.0, 1.0, -928.86, 4.0),
(9004, NOW() - INTERVAL '4.0 HOURS', 4.0, 102.0, 100.0, NULL, 85.0, 61.5, 51.0, 24.0, NULL, NULL, NULL, NULL, NULL, NULL, NULL, NULL, NULL, NULL, NULL, NULL, NULL, NULL, NULL, NULL, NULL, NULL, NULL, NULL, NULL, 33.4, 11.2, 61.1, 20.8, 390.0, 162.0, 0.0, 1.0, -928.86, 5.0),
(9004, NOW() - INTERVAL '3.0 HOURS', 5.0, 103.0, 100.0, 36.0, 84.5, 61.0, 52.5, 12.5, NULL, NULL, NULL, NULL, NULL, NULL, NULL, NULL, NULL, NULL, NULL, NULL, NULL, NULL, NULL, NULL, NULL, NULL, NULL, NULL, NULL, NULL, NULL, NULL, NULL, NULL, NULL, 0.0, 1.0, -928.86, 6.0),
(9004, NOW() - INTERVAL '2.0 HOURS', 6.0, 102.0, 100.0, NULL, 83.0, 78.0, 73.0, 11.0, NULL, NULL, NULL, NULL, NULL, NULL, NULL, NULL, NULL, NULL, NULL, NULL, NULL, NULL, NULL, NULL, NULL, NULL, NULL, NULL, NULL, NULL, NULL, NULL, NULL, NULL, NULL, 0.0, 1.0, -928.86, 7.0),
(9004, NOW() - INTERVAL '1.0 HOURS', 7.0, 96.0, 100.0, NULL, 87.0, 67.0, 49.0, 26.0, NULL, NULL, NULL, NULL, NULL, NULL, NULL, NULL, NULL, NULL, NULL, NULL, NULL, NULL, NULL, NULL, NULL, NULL, NULL, NULL, NULL, NULL, NULL, NULL, NULL, NULL, NULL, 0.0, 1.0, -928.86, 8.0);

COMMIT;